model,accuracy,precision_macro,recall_macro,f1_macro
logistic_regression,0.3333333333333333,0.3333333333333333,0.3333333333333333,0.3333333333333333
decision_tree,0.6666666666666666,0.5,0.6666666666666666,0.5555555555555555
random_forest,0.6666666666666666,0.5,0.6666666666666666,0.5555555555555555
