total_transactions,total_transaction_volume,avg_transaction_amount,deposit_amount,withdraw_amount,transfer_amount,payment_amount,airtime_amount,weekend_txn_count,business_txn_count,months_active,transactions_per_month,deposit_withdraw_ratio,weekend_ratio,weekend_activity,business_usage,volume_norm,count_norm,avg_amount_norm,freq_norm,activity_score,predicted_activity
385,6031287.0,15665.68051948052,2992795.0,1958950.0,791000.0,12450.0,276092.0,137,83,14,27.5,1.5277538846045664,0.3558441558441558,1,1,3.137775504840196e-06,0.2487526728439059,6.107629949894758e-07,0.3527422990232908,0.1327378483896603,low
459,1548068.3,3372.6978213507628,707310.3,794293.0,10249.0,36199.0,17.0,129,230,9,51.0,0.8904892898599259,0.2810457516339869,1,1,7.79933032920264e-07,0.3014967925873129,8.708158141407776e-08,0.7235161532682194,0.2200777191933499,high
1439,7800586.0,5420.83808200139,3224960.0,1900624.0,863997.0,50957.0,1760048.0,451,599,21,68.52380952380952,1.6967892140743177,0.3134120917303683,1,1,4.068296321887436e-06,1.0,1.743324149372865e-07,1.0,0.4500014587701956,high
80,1426042827337.0,17825535341.7125,342849.0,180250.0,1188360059576.0,406149.0,237681838513.0,20,5,6,13.333333333333334,1.902064343609744,0.25,1,1,0.7499933455356821,0.0313613684960798,0.7593682574026264,0.1292261457550713,0.4480568936930482,high
219,1604049.0,7324.424657534247,854479.0,707153.0,19300.0,14445.0,8672.0,45,107,8,27.375,1.2083351009822472,0.2054794520547945,1,1,8.093747534564065e-07,0.1304347826086956,2.554252573513461e-07,0.3507700976709241,0.1027630495525739,low
