total_transactions,total_transaction_volume,avg_transaction_amount,failed_transactions,deposit_amount,withdraw_amount,transfer_amount,payment_amount,airtime_amount,weekend_txn_count,business_txn_count,months_active,transactions_per_month,deposit_withdraw_ratio,weekend_ratio,weekend_activity,failed_ratio,business_usage,volume_norm,count_norm,avg_amount_norm,freq_norm,activity_score,predicted_activity
205,2994141.0,14605.565853658536,2,0.0,0.0,0.0,0.0,173196.0,77,28,14,14.642857142857142,0.0,0.375609756097561,1,0.0097560975609756,1,1.5720266955366908e-06,0.1947162426614481,5.716710023356656e-07,0.2609153581003447,0.1008627968289749,medium
204,623922.3,3058.442647058824,15,7007.3,0.0,0.0,0.0,17.0,52,107,9,22.666666666666668,7007.3,0.2549019607843137,1,0.0735294117647058,1,3.254664622260276e-07,0.1937377690802348,9.190910516160269e-08,0.4222520107238606,0.1328849767099136,high
1028,5972090.0,5809.42607003891,26,155213.0,0.0,0.0,1224.0,1759548.0,321,387,20,51.4,155213.0,0.3122568093385214,1,0.0252918287937743,1,3.1382082467274123e-06,1.0,2.0620744618467139e-07,1.0,0.4500011396143756,high
79,1426042807237.0,18051174775.151897,1,0.0,0.0,0.0,0.0,237681838513.0,20,5,6,13.166666666666666,0.0,0.2531645569620253,1,0.0126582278481012,1,0.7499933437240686,0.0714285714285714,0.7499933356006142,0.2312332439678284,0.4766001290742553,high
39,772199.0,19799.97435897436,3,4069.0,0.0,0.0,200.0,8172.0,7,5,8,4.875,4069.0,0.1794871794871795,0,0.0769230769230769,1,4.034490710656824e-07,0.0322896281800391,7.874891965836555e-07,0.0645107238605898,0.0209748505221419,low
